Company,TypeName,Inches,ScreenResolution,Cpu,Ram,Memory,Weight,Price_euros
Apple,Ultrabook,13.3,2560,5,8,256,1.37,1339.69
Apple,Ultrabook,13.3,1440,5,8,256,1.34,898.94
HP,Notebook,15.6,1920,5,8,512,1.86,575
Apple,Ultrabook,15.4,2880,7,16,1024,1.83,2537.45
Apple,Ultrabook,13.3,2560,5,8,512,1.37,1803.6
Apple,Ultrabook,15.4,2880,7,16,356,2.04,2139.97
Apple,Ultrabook,13.3,1440,5,8,356,1.34,1158.7
Asus,Ultrabook,14,1920,7,16,612,1.3,1495
Acer,Ultrabook,14,1920,5,8,356,1.6,770
HP,Notebook,15.6,1366,5,4,500,1.86,393.9
HP,Notebook,15.6,1920,3,4,500,1.86,344.99
Apple,Ultrabook,15.4,2880,7,16,356,1.83,2439.97
Dell,Notebook,15.6,1920,3,4,356,2.2,498.9
Apple,Ultrabook,13.3,2560,5,8,356,1.37,1518.55
Dell,Notebook,15.6,1920,7,8,356,2.2,745
Apple,Ultrabook,15.4,2880,7,16,612,1.83,2858
Lenovo,Notebook,15.6,1920,3,8,1024,2.2,499
Dell,Ultrabook,13.3,1920,5,8,228,1.22,979
Lenovo,Gaming,15.6,1920,5,8,1252,2.5,999
Dell,2 in 1 Convertible,13.3,1920,5,8,356,1.62,819
HP,Ultrabook,15.6,1920,7,8,356,1.91,659
Dell,Notebook,15.6,1366,3,4,1024,2.3,418.64
Apple,Ultrabook,13.3,1440,5,8,228,1.35,1099
Dell,Notebook,15.6,1920,5,8,356,2.2,800
Dell,Ultrabook,15.6,1920,7,8,712,1.88,1298
HP,Notebook,17.3,1920,5,8,1024,2.5,896
Dell,Ultrabook,13.3,3200,7,16,612,1.2,1869
Apple,Ultrabook,13.3,1440,5,8,356,1.35,998
Acer,Notebook,15.6,1366,3,4,1024,2.1,367
Dell,Notebook,17.3,1920,5,8,1252,2.8,979
HP,Notebook,15.6,1366,5,4,1024,1.86,488.69
HP,Notebook,15.6,1920,5,8,356,2.1,879
Asus,Notebook,15.6,1920,3,4,1024,2,389
Dell,Gaming,15.6,1920,7,16,1380,2.65,1499
Asus,Notebook,15.6,1366,5,8,1024,2.3,522.99
Acer,Notebook,15.6,1920,5,4,356,2.2,682
Dell,2 in 1 Convertible,17.3,1920,5,12,1024,2.77,999
Apple,Ultrabook,13.3,2560,5,8,356,1.37,1419
Lenovo,Notebook,15.6,1366,3,4,228,2.2,369
Dell,Notebook,15.6,1920,5,4,356,2.3,639
Acer,Notebook,15.6,1920,7,8,356,2.2,841
HP,Notebook,13.3,1920,7,8,612,1.49,1103
Acer,Notebook,15.6,1366,3,4,1024,2.4,384
Dell,Notebook,15.6,1920,7,8,356,2.13,767.8
HP,Notebook,15.6,1920,3,4,228,1.91,439
Asus,Notebook,15.6,1366,5,4,356,2,586.19
MSI,Gaming,17.3,1920,7,16,2404,2.43,2449
Asus,Notebook,15.6,1920,3,4,356,2,415
Dell,Notebook,17.3,1920,7,16,2404,2.8,1299
Dell,Ultrabook,14,1920,5,8,356,1.7,879
Lenovo,Notebook,14,1920,3,8,356,1.7,599
Asus,Notebook,14,1920,5,8,356,1.4,941
HP,Notebook,15.6,1920,5,8,356,1.86,690
Asus,Ultrabook,15.6,1920,7,16,612,1.8,1983
HP,Notebook,15.6,1366,3,4,500,1.86,438.69
Lenovo,Notebook,15.6,1920,5,4,1024,1.9,549
Asus,Gaming,17.3,1920,7,12,1024,3,949
Microsoft,Ultrabook,13.5,2256,5,4,228,1.252,1089
Dell,Ultrabook,13.3,1920,7,8,356,1.4,955
Dell,Notebook,15.6,1920,7,8,356,2.2,870
MSI,Gaming,17.3,1920,5,8,1252,2.7,1095
Acer,Notebook,14,1366,3,8,1024,2.1,389
Asus,Gaming,15.6,1920,7,8,1024,2.2,949
Lenovo,Notebook,15.6,1920,5,8,2048,2.2,519
Dell,Notebook,15.6,1920,7,8,1252,2.02,855
Acer,Notebook,15.6,1920,3,4,1024,2.2,530
HP,Notebook,17.3,1920,5,8,1252,2.5,977
Dell,Ultrabook,15.6,1920,5,8,356,1.88,1096.16
Apple,Ultrabook,12,2304,5,8,612,0.92,1510
HP,Notebook,14,1920,5,8,356,1.63,860
Dell,Gaming,15.6,1920,7,16,1252,2.65,1349
HP,Ultrabook,15.6,1920,7,8,356,1.83,699
HP,Notebook,15.6,1920,5,8,356,1.96,598.99
Asus,Gaming,15.6,1920,7,16,1252,2.2,1449
Dell,Ultrabook,13.3,1920,7,8,356,1.21,1649
Acer,Notebook,15.6,1920,7,8,1024,2.2,689
HP,Notebook,13.3,1920,7,16,612,1.49,1197
Dell,Gaming,15.6,1920,3,8,356,2.65,1195
Asus,Ultrabook,14,1920,7,8,356,1.25,1049
Acer,2 in 1 Convertible,13.3,1920,5,8,356,1.5,847
Dell,Notebook,15.6,1920,7,8,1024,2.2,599.9
Dell,Notebook,15.6,1920,3,4,356,2.2,485
Asus,Notebook,15.6,1920,3,6,356,2,577
HP,Gaming,15.6,1920,7,12,1252,2.62,1249
HP,Notebook,15.6,1920,7,8,356,1.91,719
Dell,Notebook,15.6,1920,5,8,1024,2.2,647
HP,Ultrabook,13.3,1920,7,8,356,1.38,1119
Microsoft,Ultrabook,13.5,2256,5,8,356,1.252,1340
HP,Notebook,14,1920,5,6,356,1.58,659
Lenovo,Notebook,15.6,1920,3,4,1024,1.85,414.9
Asus,Ultrabook,14,1920,7,8,356,1.3,1193
MSI,Gaming,15.6,1920,7,16,1380,2.2,1299
Lenovo,Notebook,14,1920,7,8,356,1.58,1480
Asus,Ultrabook,15.6,1920,7,16,1380,1.5,1262
Dell,Ultrabook,13.3,3200,7,8,356,1.23,1379
Lenovo,2 in 1 Convertible,13.3,1920,5,8,356,1.37,1399
HP,Notebook,14,1366,5,4,500,1.63,722
Dell,Ultrabook,13.3,1920,5,8,356,1.21,1629
HP,2 in 1 Convertible,13.3,1920,5,8,356,1.26,1398.99
HP,Notebook,14,1920,7,8,612,1.63,1084
Dell,Notebook,15.6,1920,7,8,1380,2.16,1130.33
Asus,Notebook,17.3,1920,3,4,1024,2,564
Asus,Notebook,15.6,1920,7,8,356,1.7,1118
Acer,Notebook,15.6,1920,3,6,1024,2.1,479
MSI,Gaming,15.6,1920,7,16,2404,1.8,2241.5
Lenovo,Notebook,15.6,1920,5,8,356,2.2,629
HP,Notebook,17.3,1920,7,16,612,2.5,1271
HP,Notebook,14,1920,5,8,1024,1.63,812
Dell,Notebook,17.3,1920,7,16,2404,2.8,1396
HP,Notebook,17.3,1920,5,8,356,2.5,928
Dell,Notebook,15.6,1366,5,8,1024,2.36,638.99
Dell,Notebook,15.6,1920,3,4,1024,2.2,449
Acer,Ultrabook,14,1920,7,8,356,1.6,884
Acer,Notebook,15.6,1920,3,4,356,2.2,572
HP,Notebook,15.6,1366,7,8,1024,2.05,598
HP,Notebook,14,1920,7,8,356,1.63,988
Asus,Gaming,17.3,1920,5,8,1252,3,938
Lenovo,Notebook,15.6,1920,5,4,1024,2.2,499
HP,Notebook,13.3,1920,5,4,356,1.32,699
Acer,Notebook,17.3,1920,3,4,1024,3,655
Lenovo,Notebook,14,1920,5,8,356,1.75,1116.02
Lenovo,Gaming,15.6,1920,7,8,356,2.4,869
Toshiba,Notebook,15.6,1366,5,4,500,2.1,602
Asus,Ultrabook,14,1920,7,8,356,1.25,1099
MSI,Gaming,17.3,1920,7,16,1380,2.9,2029
Acer,Notebook,15.6,1366,3,4,1024,2.1,447
Dell,Gaming,15.6,1920,7,16,612,2.56,1249.26
Dell,Gaming,15.6,1920,7,8,1024,2.62,899
Lenovo,Notebook,15.6,1366,5,4,228,1.9,498
MSI,Gaming,17.3,1920,7,16,1380,2.8,1890
HP,Ultrabook,14,1920,5,4,356,1.48,1082
HP,Notebook,15.6,1920,5,6,356,1.91,619
Lenovo,2 in 1 Convertible,14,1920,3,4,356,1.74,629
Asus,2 in 1 Convertible,13.3,1920,5,8,356,1.1,1315
Dell,2 in 1 Convertible,15.6,1920,7,8,356,1.56,1049
Toshiba,Notebook,15.6,1366,3,4,500,2.1,447
Acer,Notebook,17.3,1920,5,4,356,3,805
Dell,Notebook,15.6,1920,5,8,356,2.13,728
Lenovo,Gaming,15.6,1920,7,16,356,2.5,1079
MSI,Gaming,15.6,1920,7,16,1380,2.4,1799
Dell,Gaming,15.6,1920,7,8,1252,2.56,1060.49
Acer,Notebook,17.3,1920,5,8,356,3,854
HP,Notebook,13.3,1920,5,4,500,1.49,754
Huawei,Ultrabook,13,2160,5,8,356,1.05,1349
HP,Notebook,17.3,1920,5,6,2048,2.71,699
Toshiba,Notebook,15.6,1366,3,4,500,2,489
HP,Notebook,17.3,1920,5,8,356,2.5,923
Dell,Notebook,15.6,1366,3,8,1024,2.3,459
Acer,Notebook,15.6,1366,3,4,228,2.1,449
MSI,Gaming,18.4,1920,7,32,1636,4.4,2799
Lenovo,Notebook,15.6,1920,5,8,1252,1.9,813
HP,2 in 1 Convertible,13.3,3840,5,8,356,1.29,1499
Dell,Notebook,15.6,1920,7,16,2404,2.02,1049
Dell,Ultrabook,13.3,1920,5,8,356,1.23,1399
Lenovo,2 in 1 Convertible,13.9,3840,7,16,612,1.4,1849
Toshiba,Notebook,15.6,1366,5,8,228,2,793
Xiaomi,Notebook,15.6,1920,5,8,356,1.95,1199
Dell,Notebook,17.3,1920,7,16,612,2.77,1549
Dell,Notebook,15.6,3840,7,16,612,2.06,2397
Lenovo,Gaming,15.6,1920,5,8,356,2.4,779
Acer,Ultrabook,13.3,1920,5,8,356,1.12,989
Dell,Notebook,17.3,1920,7,8,1252,2.8,1085
Lenovo,2 in 1 Convertible,14,2660,7,16,1124,1.42,2824
Xiaomi,Ultrabook,13.3,1920,5,8,356,1.3,999.9
Lenovo,Notebook,17.3,1600,5,8,356,2.8,698
Dell,2 in 1 Convertible,13.3,1920,7,8,1024,1.62,839
HP,Notebook,17.3,1920,5,8,1024,2.5,914
Razer,Gaming,17.3,3840,7,32,1124,3.49,6099
HP,Notebook,13.3,1920,5,8,612,1.49,959
HP,Gaming,17.3,1920,7,16,1380,3.35,1379
HP,Notebook,17.3,1920,7,8,356,2.5,1045
Dell,Gaming,15.6,3840,7,16,1636,2.65,1845
Lenovo,Notebook,15.6,1366,5,4,228,2.1,493
Acer,Notebook,15.6,1920,7,8,1024,2.23,742
Lenovo,Gaming,15.6,1920,7,16,1636,3.2,1749
Lenovo,Gaming,15.6,1920,7,16,612,2.4,1398
Dell,Notebook,15.6,1466,3,6,1024,2.3,439
Dell,Ultrabook,13.3,3840,7,8,356,1.21,1949
Dell,Ultrabook,13.3,1920,7,8,356,1.2,1449
Lenovo,Notebook,15.6,1366,5,8,356,2.2,597
Acer,Notebook,15.6,1920,7,8,1024,2.4,779
Asus,Gaming,17.3,1920,7,16,1380,2.9,1407
HP,Notebook,15.6,1920,3,4,500,2.1,349
Lenovo,Notebook,15.6,1920,5,8,356,2.2,549
Huawei,Ultrabook,13,2160,7,8,612,1.05,1499
Dell,Ultrabook,13.3,1920,7,8,356,1.4,931.88
Lenovo,Notebook,17.3,1600,5,8,1024,2.8,589
HP,Notebook,14,1920,7,8,356,1.63,1031
Dell,Ultrabook,14,1920,5,8,356,1.6,1149
Dell,2 in 1 Convertible,13.3,1920,7,16,612,1.62,1279
Dell,Notebook,15.6,1920,5,8,356,2.2,677.35
Lenovo,2 in 1 Convertible,14,1920,5,8,356,1.74,899
Toshiba,Ultrabook,13.3,1920,7,8,356,1.2,1363
HP,Notebook,15.6,1920,5,8,1024,2.1,794
Dell,Gaming,17.3,1920,7,16,1380,4.42,2456.34
Acer,Notebook,15.6,1920,7,8,356,2.2,832
Dell,Notebook,15.6,1920,7,16,1024,2.3,859.01
Asus,Notebook,15.6,1920,5,8,356,2,769
Asus,Notebook,17.3,1920,5,8,856,2.69,891
HP,Notebook,15.6,1920,7,8,1024,1.9,1269
Asus,Notebook,15.6,1366,3,4,1024,2.37,398.99
Lenovo,Gaming,15.6,1920,7,16,1380,3.2,1499
Dell,Notebook,14,1920,5,8,356,1.6,859
Acer,2 in 1 Convertible,13.3,1920,5,8,356,1.6,689
Dell,Notebook,15.6,1920,7,16,356,2.36,899
Acer,Notebook,15.6,1366,3,4,1024,2.1,390
Asus,Gaming,17.3,1920,7,32,1636,4.7,3890
Acer,Gaming,15.6,1920,5,8,356,2.5,846
Lenovo,Notebook,15.6,1366,3,8,228,2.2,589
Asus,Notebook,17.3,1920,7,8,1252,2.1,1145
Asus,Notebook,17.3,1920,7,8,1252,2.69,889
Dell,Gaming,15.6,1920,5,8,356,2.56,879
Lenovo,2 in 1 Convertible,13.9,1920,7,8,356,1.38,1079
Dell,Notebook,15.6,1920,7,8,2276,2.2,985
HP,Notebook,15.6,1466,5,8,1024,2.04,559
Asus,Gaming,17.3,1920,7,16,356,3.6,2999
HP,Notebook,13.3,1920,5,4,500,1.49,675
Apple,Ultrabook,13.3,2560,5,8,612,1.37,2040
Dell,2 in 1 Convertible,15.6,1920,7,8,1024,2.08,819
Asus,Gaming,17.3,1920,7,16,1380,4.3,1799
Lenovo,2 in 1 Convertible,13.9,1920,7,8,612,1.37,1849
Acer,Notebook,17.3,1920,3,4,356,3,702
Dell,Ultrabook,13.3,1920,5,8,356,1.41,949
HP,Notebook,17.3,1920,7,16,1024,2.9,1059
MSI,Gaming,17.3,1920,7,16,1636,4.14,2499
Lenovo,2 in 1 Convertible,15.6,1920,7,8,612,2,1699
Dell,Notebook,17.3,1920,7,8,1252,2.8,1142
Lenovo,Notebook,15.6,1920,3,4,356,2.2,444
HP,Notebook,15.6,1920,5,4,500,2.1,722
Dell,Notebook,15.6,1920,5,4,1024,2.18,657
Dell,Notebook,15.6,1920,5,8,1024,2.24,565
Dell,2 in 1 Convertible,15.6,1920,5,8,356,2.67,799
Asus,2 in 1 Convertible,13.3,1920,7,8,1224,1.1,1499
Lenovo,Notebook,15.6,1920,5,4,1024,2.2,467
HP,Notebook,17.3,1920,7,8,1024,2.5,1018
Lenovo,Notebook,15.6,1920,7,8,356,2.05,880
Apple,Ultrabook,13.3,2560,5,8,612,1.37,1958.9
Dell,Notebook,15.6,1920,7,8,356,2.14,735.07
Lenovo,2 in 1 Convertible,14,2660,7,16,612,1.36,2499
Toshiba,Notebook,15.6,1366,7,8,500,2.2,812
Dell,Notebook,15.6,1366,7,12,1024,2.3,713.07
Dell,Notebook,17.3,1920,7,8,1252,2.8,1099
Acer,Notebook,15.6,1920,7,8,1024,2.2,745
Lenovo,Notebook,17.3,1600,3,4,1024,2.8,489
Lenovo,Notebook,17.3,1920,7,8,2048,2.8,849
Lenovo,Notebook,17.3,1600,7,6,1252,2.8,859
Dell,Notebook,15.6,1920,3,4,1024,2.25,428
Lenovo,Gaming,15.6,1920,5,8,356,2.5,829
Lenovo,Notebook,15.6,1920,5,6,356,2.2,579
Acer,Notebook,15.6,1920,7,8,356,3,951
Acer,Notebook,15.6,1920,7,12,1024,2.15,659
Lenovo,Notebook,15.6,1920,7,8,356,1.95,1097
Asus,Ultrabook,15.6,1920,5,8,356,1.7,977
Lenovo,Gaming,15.6,1920,7,16,1380,2.5,1179
Lenovo,Notebook,15.6,1920,7,8,1024,2.2,659.01
Asus,Gaming,17.3,1920,7,8,1024,3,1187
HP,Notebook,17.3,1600,3,8,1024,2.54,489
Dell,Notebook,15.6,1920,7,8,356,2,1829
Lenovo,Notebook,15.6,1920,5,8,356,2.05,739
Lenovo,Gaming,15.6,1920,7,8,1024,3.2,1299
Acer,Notebook,15.6,1920,7,8,356,2.5,979
Dell,Workstation,17.3,1920,7,16,356,3.42,2884.86
Asus,Ultrabook,15.6,1920,7,16,612,1.63,1468
Asus,Notebook,14,1366,3,4,228,1.3,509
Asus,Gaming,17.3,1920,7,16,1380,2.9,2122
Lenovo,Notebook,17.3,1600,5,6,1024,2.8,649
Lenovo,Notebook,15.6,1366,5,8,2048,2.2,549
Asus,Gaming,15.6,1920,7,8,1252,2.5,1265
HP,2 in 1 Convertible,13.3,1920,7,16,356,1.28,1975
Toshiba,Notebook,15.6,1920,7,8,356,2.2,1043
Lenovo,Notebook,15.6,1920,5,8,1252,2.3,819
HP,Notebook,15.6,1920,3,4,1024,1.86,469
Lenovo,Notebook,13.3,1920,5,8,356,1.1,999
Dell,Ultrabook,13.3,3840,7,16,1124,1.21,2499
MSI,Gaming,15.6,1920,7,16,1380,2.8,2099
Dell,Notebook,15.6,1920,5,8,1252,2.33,844
HP,2 in 1 Convertible,13.3,3840,7,16,1124,1.29,2449
HP,Notebook,14,1920,5,8,356,1.95,980
HP,Notebook,14,1920,7,8,356,1.48,1292
Lenovo,Notebook,17.3,1600,5,4,1024,2.79,589
Asus,Notebook,14,1920,7,8,356,2,1094
HP,Notebook,15.6,1366,7,8,1024,2.1,902
Acer,Notebook,15.6,1366,5,6,1024,2.23,549
Asus,Ultrabook,15.6,1920,7,8,356,1.7,1049.9
HP,Ultrabook,12.5,1920,7,8,356,1.26,1335
Dell,Notebook,15.6,3840,7,32,1124,2.06,2639
MSI,Gaming,17.3,1920,7,8,1380,2.7,1199
Toshiba,Notebook,15.6,1920,5,8,356,2,943
Asus,Notebook,14,1920,7,8,1380,2,1334
Lenovo,Notebook,15.6,1920,3,4,1024,1.85,449
Asus,Gaming,15.6,1920,7,8,356,2.5,999
HP,Notebook,14,1920,5,8,356,1.48,1268
Dell,Ultrabook,15.6,1920,5,8,1252,1.9,1049
HP,Notebook,15.6,1920,5,8,356,1.84,1144
Dell,Notebook,15.6,1920,5,8,356,2,1142.75
HP,Notebook,15.6,1920,3,8,1024,2.1,716
Lenovo,2 in 1 Convertible,13.9,3840,7,16,612,1.4,2099
Dell,Ultrabook,13.3,1920,7,8,356,1.2,1579
Lenovo,Gaming,15.6,1920,7,16,2404,2.4,1129
Dell,Ultrabook,15.6,1920,7,16,968,1.88,1607.96
Dell,Ultrabook,15.6,1920,5,8,1024,1.9,663
Dell,Notebook,15.6,3840,7,16,612,2.06,2027.42
HP,Notebook,15.6,1920,7,8,356,1.84,1304
MSI,Gaming,17.3,1920,7,8,1252,2.7,1409
HP,Workstation,15.6,1920,7,8,356,2.6,1738.27
Toshiba,Notebook,15.6,1920,7,16,612,2.4,1403
Dell,Notebook,15.6,1920,7,8,2276,2.02,970.9
Dell,Gaming,15.6,1920,5,8,1024,2.65,999
Dell,Notebook,15.6,1466,5,8,2048,2.36,557.37
Dell,Notebook,14,1920,5,8,356,1.36,1427
HP,Notebook,15.6,1366,3,4,500,1.86,439
Asus,Notebook,14,1920,5,8,356,2,945
Lenovo,Notebook,17.3,1600,5,6,1252,2.8,719
HP,Notebook,15.6,1920,5,8,1024,1.86,639
Lenovo,Notebook,15.6,1366,3,8,356,2.2,499
Dell,Notebook,17.3,1920,5,8,1252,2.8,1085
Lenovo,Gaming,15.6,1920,5,8,1252,2.4,809
Dell,Notebook,15.6,1920,7,8,356,2.33,899
HP,Ultrabook,14,1920,7,8,356,1.36,1750
Asus,2 in 1 Convertible,15.6,1920,7,12,2660,2.26,1099
Dell,2 in 1 Convertible,13.3,1920,7,8,356,1.62,869.01
Acer,Notebook,15.6,1920,7,8,1024,2.4,846
HP,Gaming,17.3,1920,7,8,1252,3.35,1191
Lenovo,Notebook,15.6,1920,3,4,228,1.85,403.5
Asus,Gaming,15.6,1920,7,8,1252,2.3,1655
Lenovo,Notebook,14,1920,5,8,356,1.5,1099
Asus,Ultrabook,13.3,1920,7,16,612,1.1,1748.9
Lenovo,Ultrabook,14,2560,7,8,612,1.13,2282
Lenovo,Notebook,13.3,1920,3,4,228,1.5,549
Dell,Workstation,15.6,1920,5,8,500,2.23,1369
Dell,Workstation,15.6,1920,7,8,356,2,2135
Lenovo,2 in 1 Convertible,14,2660,7,16,612,1.42,2509
Asus,Gaming,17.3,1920,7,8,1024,3,1039
Asus,Gaming,17.3,1920,7,16,1380,3,1591
Acer,Notebook,15.6,1366,5,12,1024,2.2,693.99
MSI,Gaming,17.3,1920,7,8,356,2.7,1349
Dell,Notebook,15.6,1920,7,8,356,2.33,778.87
Lenovo,Notebook,15.6,1920,7,8,356,2.1,1229.56
Lenovo,Notebook,14,1920,5,8,356,1.9,938
Dell,Workstation,15.6,3840,7,8,356,1.78,2712
Lenovo,Ultrabook,14,2560,7,16,1124,1.13,2625
Asus,Gaming,17.3,1920,7,16,1380,2.9,1529
Lenovo,Notebook,15.6,1920,5,8,1380,2.1,1144.5
Acer,Notebook,15.6,1920,7,8,356,2.5,879
MSI,Gaming,17.3,1920,7,16,1380,2.8,2249
Asus,Ultrabook,14,1920,7,8,612,1.1,1873
Toshiba,Ultrabook,13.3,1920,7,16,612,1.2,1747
Dell,Ultrabook,14,1920,7,8,612,1.36,1680
Lenovo,Notebook,15.6,1920,3,4,500,2.2,409
Lenovo,Workstation,15.6,1920,7,8,612,2.67,1925
Lenovo,Ultrabook,14,2560,7,8,612,1.7,1943
HP,Notebook,15.6,1920,3,4,1024,2.1,469
Acer,2 in 1 Convertible,13.3,1920,7,8,356,1.6,789.01
Asus,2 in 1 Convertible,13.3,1920,5,8,356,1.27,928
Dell,Notebook,15.6,1920,5,4,356,2.3,598.9
Dell,Notebook,13.3,1366,3,4,228,1.65,689
HP,Ultrabook,14,1920,7,8,356,1.43,1500
Dell,Notebook,15.6,1366,5,8,1024,2.14,539.95
Lenovo,Ultrabook,14,1920,7,8,356,1.75,1215.38
Lenovo,2 in 1 Convertible,15.6,3840,7,16,612,2,1899
HP,Notebook,15.6,1920,7,8,356,2.31,1427
Asus,Notebook,15.6,1920,3,8,1024,2.3,597
Dell,Gaming,17.3,2560,7,16,1380,4.42,2799
Dell,Gaming,15.6,1920,7,8,1252,2.62,1159
Dell,Notebook,15.6,1920,7,8,2404,2.02,1142.4
Dell,Ultrabook,14,1920,7,8,356,1.6,1099
HP,Gaming,17.3,1920,7,12,1380,3.35,1999
Lenovo,Notebook,13.3,1920,7,8,356,1.4,1010
Lenovo,Notebook,14,1920,3,4,228,1.7,599
Lenovo,Workstation,15.6,3840,7,16,612,2.3,2445
Lenovo,Notebook,15.6,1920,7,16,612,2.5,2449
Google,Ultrabook,12.3,2500,7,16,612,1.1,2199
Lenovo,Ultrabook,14,2560,7,24,612,1.32,2382
Asus,Notebook,15.6,1920,5,4,356,2,559
Dell,Notebook,15.6,1920,5,4,356,2.2,749
Lenovo,Ultrabook,12.5,1920,5,8,356,1.36,1429
HP,Gaming,15.6,1920,7,8,1252,2.2,1099
Dell,Notebook,14,1920,5,8,356,1.64,1179
Acer,Notebook,15.6,1366,5,4,500,2.4,441.8
MSI,Gaming,15.6,1920,5,8,356,2.2,1027.74
Microsoft,Ultrabook,13.5,2256,7,16,612,1.25,2589
HP,Notebook,15.6,1366,5,8,228,1.91,589
Dell,Workstation,15.6,1920,7,16,356,2.17,1975
HP,Workstation,15.6,1920,7,8,612,2.31,1534
Lenovo,Notebook,14,1920,5,8,356,1.65,1345
Dell,Notebook,15.6,1920,7,8,1252,2.36,979
Dell,Notebook,17.3,1920,7,8,1024,4.42,2046
Microsoft,Ultrabook,13.5,2256,7,8,356,1.25,1799
HP,Notebook,17.3,1600,3,8,356,2.5,639.9
Acer,Notebook,15.6,1920,3,4,1024,2.23,544
Asus,Notebook,15.6,1920,5,8,1024,2.37,749
Lenovo,Notebook,14,1920,7,8,612,1.5,799
Lenovo,Notebook,15.6,1920,7,8,356,2.67,2090
Acer,Notebook,15.6,1366,3,4,500,2.2,469
Dell,Notebook,15.6,1920,5,8,2048,2.02,759
HP,Gaming,17.3,1920,7,12,1024,3.78,1699
Lenovo,Ultrabook,14,2660,7,12,356,1.4,1858
HP,2 in 1 Convertible,13.3,3840,7,8,612,1.29,1999
HP,Notebook,15.6,1920,5,8,500,1.9,1154
Google,Ultrabook,12.3,2500,5,8,228,1.1,1275
Dell,Ultrabook,13.3,1920,5,8,356,1.42,1841.85
Asus,Notebook,15.6,3840,7,12,1252,2.06,1299
Dell,Notebook,14,1366,3,8,228,1.79,740
Dell,Workstation,15.6,1920,7,8,356,1.78,2408
Lenovo,Notebook,14,1920,5,8,280,1.7,1364
Dell,Notebook,15.6,1920,5,8,1024,2.2,675
Toshiba,Notebook,13.3,1920,5,8,356,1.05,1672
Dell,Notebook,15.6,1920,7,8,612,2.16,1262
Dell,Notebook,15.6,1366,3,4,1024,2.18,586.6
HP,Notebook,13.3,1920,5,4,228,1.49,726
Lenovo,Notebook,15.6,1366,3,4,228,2.3,565
Lenovo,Notebook,14,1920,5,8,356,1.75,1049
Dell,Workstation,15.6,1920,7,16,612,2.17,2338
Dell,Notebook,15.6,1920,7,16,612,2.06,1899
Lenovo,Ultrabook,12.5,1920,7,16,612,1.36,1798
Asus,Ultrabook,12.5,1920,7,16,612,0.91,1950
Lenovo,Notebook,15.6,1920,5,8,356,2.3,1011.99
Toshiba,Ultrabook,13.3,1920,7,32,612,1.05,2799
Asus,Gaming,15.6,1920,7,8,1252,1.99,1350
Asus,Gaming,17.3,1920,7,24,1380,4.33,1269
Lenovo,Ultrabook,12.5,1366,5,8,280,1.3,1099
Lenovo,Notebook,15.6,1920,7,8,356,2.17,898.9
HP,Notebook,14,1920,7,8,1124,1.48,1749
Lenovo,Notebook,13.3,1920,3,8,356,1.4,949
Lenovo,Notebook,15.6,1920,5,8,356,2.3,911
HP,Notebook,15.6,1366,5,8,356,1.91,618.99
Lenovo,2 in 1 Convertible,13.9,1920,5,8,356,1.4,1599
Lenovo,Notebook,13.3,1920,5,8,356,1.44,949
Asus,Notebook,15.6,1920,7,8,1380,2,1224
Acer,Notebook,15.6,1920,5,4,1024,2.2,613
HP,Ultrabook,13.3,1920,7,8,612,1.34,1323
Lenovo,Gaming,15.6,1920,7,8,1380,2.4,1149
Dell,Ultrabook,13.3,1920,5,8,228,1.29,899
Acer,Notebook,15.6,1920,7,4,500,2.2,639
Dell,Notebook,15.6,1920,5,8,1024,2.18,836
Dell,Notebook,15.6,1920,7,16,2404,2.2,1219.24
Xiaomi,Notebook,15.6,1920,7,16,356,1.95,1399.95
HP,Notebook,15.6,1466,5,4,1024,2.04,521.47
Asus,Gaming,15.6,1920,7,24,612,2.24,2968
HP,Notebook,15.6,1920,5,8,356,2.04,889
Asus,Gaming,17.3,1920,7,16,1380,3,1504
Lenovo,Gaming,15.6,1920,7,8,1380,3.2,1399
HP,Ultrabook,13.3,1920,7,8,356,1.32,1399
Dell,Notebook,14,1920,5,8,356,1.64,1279.73
HP,Notebook,15.6,1366,3,4,228,1.63,689
Dell,Notebook,17.3,1920,5,8,1252,2.8,889
Lenovo,Notebook,14,1920,5,8,356,2.02,1340
Lenovo,Notebook,15.6,1920,7,4,1024,2.2,799
Lenovo,Notebook,15.6,1366,3,8,2048,2.2,459
Dell,Notebook,15.6,1920,5,4,500,2.3,585
Dell,Notebook,15.6,1920,5,8,356,1.9,1377
Dell,Gaming,17.3,1920,7,16,1252,4.42,3012.77
Toshiba,Notebook,15.6,1920,5,8,500,2,860
Asus,Notebook,15.6,3840,7,8,1380,2,1299
Asus,Gaming,15.6,1920,5,8,1252,2.3,1649
Dell,Notebook,15.6,1920,7,8,356,1.93,1369
Dell,Notebook,15.6,1920,5,8,356,2.2,797.41
HP,Gaming,17.3,1920,7,12,1024,2.62,1799
Lenovo,Notebook,14,1920,7,8,356,1.87,859
Dell,Ultrabook,13.3,3200,7,8,356,1.2,1399
Dell,Notebook,14,1920,3,4,228,1.6,735.87
HP,Ultrabook,13.3,3200,7,8,356,1.34,1145
Acer,Gaming,15.6,1920,5,8,1024,2.4,798
HP,Notebook,15.6,1920,3,4,228,2.1,705.5
Lenovo,Notebook,14,1920,5,4,500,1.87,785
Lenovo,Notebook,15.6,1920,5,4,1024,2.15,462.35
HP,Notebook,15.6,1920,3,4,500,1.86,397
Lenovo,Notebook,15.6,1920,7,8,612,1.99,1729
Lenovo,Notebook,15.6,1920,3,4,228,2.2,499
Dell,Notebook,15.6,1920,5,8,356,1.9,1116.99
Dell,Gaming,17.3,1920,7,16,1380,4.42,2699
HP,Notebook,17.3,1600,3,8,1024,2.65,544.15
HP,Notebook,17.3,1920,7,8,1024,2.63,1280
Lenovo,Notebook,17.3,1600,7,6,1252,2.8,949
Dell,Notebook,15.6,1366,3,4,1024,2.18,617.9
Lenovo,Notebook,15.6,1920,3,4,228,2.05,630
Lenovo,Notebook,17.3,1920,7,8,356,3.4,2999
Asus,Notebook,15.6,1920,5,8,1252,2.5,839
Dell,Ultrabook,13.3,3840,5,8,228,1.21,1599
Dell,Notebook,15.6,1366,5,4,500,1.93,959
Fujitsu,Notebook,15.6,1366,5,8,1024,2.2,739
Lenovo,Notebook,14,1366,5,4,500,2.02,990
HP,Workstation,17.3,1600,5,8,500,3.14,1860.99
Lenovo,Notebook,15.6,1920,5,8,356,2.3,830
Lenovo,Notebook,15.6,1920,5,4,500,2.05,685
Toshiba,Ultrabook,14,1920,7,16,612,1.24,1865
Lenovo,Gaming,17.3,1920,7,32,1380,4.6,2663
MSI,Gaming,17.3,1920,7,16,1636,4.14,2729
Dell,Notebook,15.6,1920,7,8,356,2.2,749.01
Dell,Notebook,15.6,1366,5,8,500,1.9,1008.52
HP,Notebook,13.3,1920,3,4,228,1.49,719
Dell,Notebook,15.6,1920,7,16,356,1.93,1537.39
MSI,Gaming,17.3,1920,7,16,1252,4.5,2349
HP,Gaming,17.3,1920,7,16,1380,3.78,1498
Lenovo,Ultrabook,14,1920,7,12,356,1.4,1673
Lenovo,Notebook,15.6,1466,7,12,1024,2.2,609
Asus,Gaming,17.3,1920,5,8,1252,2.73,1770
Asus,2 in 1 Convertible,15.6,1466,5,8,1024,2.2,739
Samsung,Notebook,15.6,1920,7,16,1252,2.5,1699
Lenovo,Notebook,17.3,1920,3,4,500,2.8,529
Lenovo,Notebook,15.6,1366,3,8,1024,2.29,459
Lenovo,2 in 1 Convertible,13.3,1920,7,8,612,1.37,2025
Lenovo,Notebook,14,1920,5,8,356,1.7,1474
Dell,2 in 1 Convertible,12.5,1920,5,8,356,1.34,1670
Dell,Workstation,15.6,1920,7,8,356,2.06,1763
HP,Notebook,15.6,1920,7,8,356,1.84,1219
HP,Notebook,15.6,1366,3,4,500,2.1,668.48
MSI,Gaming,17.3,1920,7,16,1252,4.14,2199
Dell,Notebook,15.6,1366,3,4,1024,2.18,465
MSI,Gaming,15.6,3840,7,16,2404,1.8,2299
Toshiba,Notebook,15.6,1920,7,8,356,2.2,1399
Lenovo,Notebook,15.6,1920,5,6,1024,2.4,564
Lenovo,2 in 1 Convertible,15.6,1920,7,8,356,2,1299
Dell,Gaming,15.6,1920,7,16,1024,2.59,879.01
Dell,Notebook,15.6,1366,3,4,1024,2.18,443.9
Dell,Notebook,15.6,1366,3,4,1024,2.25,359
Dell,Notebook,15.6,1366,5,4,500,1.93,869
Asus,Gaming,17.3,1920,7,8,1252,3,1168
Dell,Notebook,15.6,1920,5,4,228,2.18,569
HP,Ultrabook,15.6,1920,7,8,612,1.84,1389
MSI,Gaming,15.6,1920,7,16,1380,2.94,2267.86
HP,Notebook,14,1366,5,8,356,2.31,1124
Lenovo,Notebook,14,1920,5,8,356,1.65,1465
Dell,Notebook,15.6,1920,5,4,1024,2.2,776
Fujitsu,Notebook,15.6,1366,5,8,356,2.2,799
HP,Notebook,15.6,1366,5,4,500,1.88,932
Lenovo,Notebook,15.6,1920,7,8,1024,2.2,899
Lenovo,Notebook,15.6,1920,5,4,228,2.2,468
Asus,2 in 1 Convertible,13.3,1920,5,6,1024,1.5,639.01
Dell,Notebook,15.6,1920,7,8,356,2,1820
Asus,Ultrabook,14,1920,7,16,612,1.1,1900
Dell,Gaming,15.6,1920,7,16,1380,2.62,1479
Lenovo,Notebook,15.6,1920,5,4,356,1.8,829
Lenovo,Notebook,15.6,1920,3,4,1024,2.2,579
Asus,Notebook,15.6,1920,5,8,1024,1.99,906.62
Dell,Ultrabook,13.3,3200,5,8,356,1.23,1869
Lenovo,2 in 1 Convertible,13.3,1920,7,8,356,1.37,1757.42
Dell,Notebook,15.6,3840,7,16,1124,2.06,2399
Lenovo,Gaming,15.6,1920,7,8,1252,2.5,1109
Lenovo,Ultrabook,14,1920,7,16,612,1.14,2450
Asus,Gaming,15.6,1920,7,8,1024,2.5,1169
Acer,Notebook,15.6,1366,3,4,500,2.4,450
Acer,Ultrabook,14,1920,5,8,356,1.8,919
Razer,Gaming,14,1920,7,16,356,1.95,2599
Toshiba,Notebook,13.3,1920,5,8,356,1.2,1213
Lenovo,Ultrabook,12.5,1920,7,8,356,1.36,1584
Asus,Gaming,17.3,1920,7,32,612,3.8,2799
Acer,Gaming,15.6,1920,5,8,1024,2.4,709
Dell,Ultrabook,13.3,1920,5,8,356,1.2,1449.9
MSI,Gaming,15.6,1920,7,8,1252,2.2,1191.8
HP,Notebook,15.6,1366,3,4,500,1.86,364.9
Toshiba,Notebook,15.6,1920,5,8,500,2,1064
Dell,Notebook,15.6,1920,7,8,356,2.2,919
Dell,Notebook,15.6,1920,7,16,2404,2.2,1135
Lenovo,Gaming,15.6,1920,7,8,1252,3.31,1196
Dell,Gaming,17.3,3840,7,32,1636,4.42,3147.37
Dell,Notebook,14,1920,5,8,356,1.56,1229
Lenovo,Notebook,15.6,1920,5,4,500,2.2,535
HP,Notebook,15.6,1920,3,6,1024,2.04,539
MSI,Gaming,17.3,1920,7,8,1252,2.7,1486.77
Toshiba,Notebook,15.6,1366,3,4,228,2.1,498
Dell,Notebook,15.6,1920,5,8,1024,2.06,955
HP,Notebook,15.6,1920,7,8,1024,2.1,745
Toshiba,Notebook,15.6,1920,5,8,356,2,1258
Acer,Notebook,15.6,1366,3,4,228,2.1,412
Microsoft,Ultrabook,13.5,2256,7,8,356,1.252,1867.85
Lenovo,Notebook,15.6,1920,5,8,1252,1.9,817.95
Lenovo,2 in 1 Convertible,13.3,1920,5,8,356,1.3,1034
HP,2 in 1 Convertible,14,1920,3,4,228,1.63,699
MSI,Gaming,15.6,1920,7,16,1380,2.4,1294
Asus,Ultrabook,14,1920,5,8,356,1.1,1135
LG,Ultrabook,15.6,1920,7,8,612,1.09,2299
Acer,Gaming,15.6,1920,5,16,356,2.5,1299
MSI,Gaming,15.6,1920,5,8,356,2.2,997.9
Dell,Gaming,15.6,1920,5,16,1252,3.21,2051
HP,Notebook,17.3,1920,3,4,356,2.5,699
Lenovo,2 in 1 Convertible,13.3,1920,7,8,612,1.19,1499
Dell,Gaming,15.6,1920,7,16,1380,3.49,2813.75
HP,Notebook,15.6,1366,5,4,500,1.86,612.61
Dell,Notebook,15.6,1366,3,4,1024,2.2,545.67
Lenovo,Notebook,14,1920,5,4,356,1.7,699
HP,Workstation,17.3,1920,7,8,500,3.14,1907.99
Lenovo,2 in 1 Convertible,14,2660,7,8,356,1.42,2590
Toshiba,Notebook,13.3,1920,5,8,356,1.5,973
Lenovo,2 in 1 Convertible,14,1920,7,16,612,1.38,1749
Toshiba,Ultrabook,13.3,1920,7,16,612,1.36,1877
HP,Notebook,15.6,1920,7,4,500,2.1,689
Dell,Gaming,15.6,1920,5,8,1024,2.56,819
Lenovo,Notebook,15.6,1920,5,4,2048,2.1,621.45
Lenovo,Notebook,15.6,1366,3,4,500,1.9,450
Dell,Notebook,15.6,1920,5,8,356,2.18,795
Acer,2 in 1 Convertible,13.3,1920,5,8,356,1.6,999
Lenovo,Workstation,15.6,1920,7,16,612,2.18,1855
Lenovo,Notebook,14,1920,5,8,356,1.8,1191
Lenovo,Gaming,15.6,1920,7,8,1252,2.5,1249
Dell,Notebook,14,1920,5,8,356,1.64,1089
Dell,Notebook,15.6,1920,5,8,1024,1.98,726
Dell,Notebook,15.6,1920,5,16,612,1.93,1426.66
Lenovo,Notebook,14,1920,5,8,356,1.87,857.07
Dell,Notebook,15.6,1920,5,8,356,1.9,1179
HP,Notebook,17.3,1920,7,8,356,2.63,1200
Lenovo,Ultrabook,14,2660,7,8,612,1.17,1686.64
HP,2 in 1 Convertible,13.3,1466,5,8,356,1.58,836.6
Lenovo,Ultrabook,14,1920,5,8,356,1.32,1499
Dell,Gaming,17.3,3840,7,32,2148,4.36,3659.4
MSI,Gaming,17.3,1920,7,8,1252,2.7,1348.48
Lenovo,Notebook,15.6,1366,5,4,1024,1.9,489.9
Dell,Notebook,15.6,1920,5,8,1252,2.2,719
Dell,2 in 1 Convertible,13.3,1920,3,4,1024,1.71,649
Dell,Notebook,15.6,1366,5,8,1024,2.32,589.52
Acer,Gaming,17.3,1920,7,16,1252,4.2,1935
Dell,Notebook,15.6,1366,5,12,1024,2.25,649
Acer,Notebook,15.6,1366,5,4,500,2.4,559
Lenovo,Notebook,13.3,1920,5,8,356,1.44,960
Lenovo,Notebook,15.6,1920,7,4,1024,1.85,779
HP,Workstation,15.6,1920,7,16,356,2.6,2419
Dell,2 in 1 Convertible,13.3,1920,5,8,1024,1.55,659
MSI,Gaming,15.6,1920,7,16,1380,1.8,2094.48
Acer,Notebook,15.6,1366,3,4,500,2.4,410.8
Dell,Notebook,15.6,1920,7,8,1252,2,1207
Dell,Notebook,15.6,1366,3,8,356,2,665
Toshiba,Notebook,14,1920,5,8,356,1.25,1535
Lenovo,2 in 1 Convertible,14,1920,5,8,356,1.7,999
Lenovo,Workstation,15.6,3840,7,16,1124,2.5,3299
Samsung,Ultrabook,13.3,1920,7,16,356,0.81,1649
HP,Notebook,15.6,1920,3,8,356,1.86,539
Dell,Notebook,14,1366,5,8,356,1.6,1126.71
HP,Notebook,15.6,1920,5,8,356,1.84,1900
Asus,Notebook,15.6,1366,5,4,1024,2.45,579
Lenovo,Ultrabook,14,1920,5,4,280,1.7,1096
Asus,Notebook,15.6,1366,7,4,356,2.37,849.9
Lenovo,2 in 1 Convertible,13.3,3200,5,8,356,1.3,1199
HP,Notebook,15.6,1920,5,8,1252,2.2,1099
HP,Workstation,15.6,1920,7,8,356,2.59,1561
Dell,Gaming,15.6,3840,7,16,1380,4.42,2868.99
Acer,Notebook,15.6,1366,5,4,356,2.1,599
Lenovo,Gaming,15.6,1920,7,8,1252,2.5,1048
Dell,Ultrabook,12.5,1920,7,16,356,1.18,1859
Google,Ultrabook,12.3,2500,5,8,356,1.1,1559
Asus,Ultrabook,13.3,3200,5,8,356,1.2,1129
Dell,Notebook,13.3,1366,3,4,500,1.65,849
Acer,Notebook,13.3,1366,5,4,228,1.6,655
Dell,Gaming,15.6,3940,7,16,1252,2.72,1099
Samsung,Ultrabook,13.3,1920,7,8,356,1.31,1599
Dell,Notebook,15.6,1920,7,16,356,2.3,1181.27
Samsung,2 in 1 Convertible,15,1920,7,16,356,1.71,1799
Toshiba,Notebook,14,1366,5,4,228,1.75,1020
Dell,Gaming,15.6,1920,7,8,1024,2.62,1099
HP,Ultrabook,12.5,1366,5,4,356,1.26,1244
Asus,2 in 1 Convertible,15.6,1920,7,12,2048,2.3,839
Lenovo,Notebook,15.6,3840,7,16,612,2.5,2370
Acer,Notebook,14,1920,3,4,228,1.8,636
Razer,Gaming,14,1920,7,16,612,1.95,2899
Dell,Gaming,17.3,1920,7,32,2148,4.42,3588.8
Asus,Gaming,17.3,1920,7,16,1380,4.3,2350
Toshiba,Ultrabook,14,1920,7,16,612,1.47,1764
Lenovo,Ultrabook,14,1920,7,16,612,1.7,2299
MSI,Gaming,14,1920,7,16,1380,1.6,1891
MSI,Gaming,15.6,1920,5,8,1252,2.2,1089
Lenovo,Gaming,15.6,1920,7,4,1024,2.4,999
Acer,Gaming,17.3,1920,7,16,1380,4.2,2299
Dell,Gaming,15.6,1920,5,8,356,2.62,985
Asus,Gaming,15.6,1920,7,8,1252,2.24,1339
Lenovo,2 in 1 Convertible,13.3,1920,7,8,612,1.37,1970
Lenovo,2 in 1 Convertible,15.6,1920,5,8,356,2.08,959
Lenovo,2 in 1 Convertible,14,2660,5,8,356,1.42,2330
Dell,Notebook,15.6,1366,5,8,228,1.95,810
Lenovo,2 in 1 Convertible,13.9,1920,7,8,356,1.38,1349
Dell,Notebook,15.6,1920,3,8,356,2,739
HP,Workstation,15.6,1920,7,8,356,3.14,2064.9
Asus,Notebook,15.6,1920,5,8,356,2.37,1099
Dell,Ultrabook,13.3,1920,5,8,356,1.29,1499
Dell,Notebook,15.6,3840,5,8,356,2.06,1749
HP,Netbook,12.5,1366,5,8,356,1.26,1389
Toshiba,Notebook,15.6,1366,5,4,500,2.1,780
Dell,Gaming,15.6,3840,7,16,612,2.62,1679
Lenovo,Notebook,15.6,1920,5,4,1024,2.4,609
HP,Gaming,17.3,1920,7,12,1024,3.74,1749
MSI,Gaming,17.3,1920,7,16,1636,2.9,2415
Samsung,Ultrabook,13.3,1920,5,8,356,0.81,1499
Dell,Notebook,15.6,1920,7,8,1024,1.98,961
Dell,Notebook,15.6,1920,5,8,356,2.18,789.81
Lenovo,Ultrabook,14,1920,7,8,356,1.32,1859
Razer,Ultrabook,12.5,3840,7,16,612,1.29,1799
Dell,Gaming,17.3,1920,7,16,1252,4.36,2505.02
Dell,Notebook,14,1366,5,4,500,1.76,755
Lenovo,Notebook,15.6,1366,3,4,500,2.1,489.9
Toshiba,Ultrabook,14,1366,5,4,228,1.25,1090
Lenovo,Ultrabook,14,1920,7,8,612,1.13,2499
MSI,Gaming,15.6,1920,5,8,356,2.4,1199
Lenovo,Ultrabook,14,1920,5,8,356,1.13,1875
Asus,2 in 1 Convertible,13.3,1920,5,8,356,1.1,1358
Dell,Notebook,14,1366,3,4,500,1.76,585
Acer,Notebook,14,1920,3,8,228,1.5,619
Razer,Gaming,17.3,3840,7,32,612,3.49,5499
Lenovo,Ultrabook,14,2660,7,16,612,1.1,2099
Asus,Notebook,15.6,1920,5,4,1024,2.1,519
Lenovo,Notebook,14,1920,5,8,356,1.7,1186
Lenovo,Notebook,14,1920,5,8,356,1.32,1650
Dell,Gaming,15.6,1920,7,16,1380,3.21,2774.63
Asus,Gaming,17.3,1920,7,16,1380,2.9,2419
Toshiba,Notebook,15.6,1366,3,4,500,2,669
Asus,Notebook,15.6,1920,5,8,128,2.3,590
Asus,Gaming,17.3,1920,7,16,1636,2.73,1799
Dell,Gaming,17.3,1920,7,32,1636,4.42,3072.89
HP,Notebook,17.3,1600,5,8,1024,2.63,910
Dell,Notebook,15.6,1366,5,8,228,2.18,713.99
HP,Ultrabook,14,1920,7,8,612,1.54,1870
Dell,Notebook,15.6,1920,7,4,356,2.18,739
Asus,Ultrabook,13.3,1920,5,8,612,1.45,1026
HP,2 in 1 Convertible,13.3,1920,5,8,356,1.28,2277
HP,Ultrabook,14,1920,7,8,612,1.54,1468
Asus,Gaming,15.6,1920,7,16,1252,2.1,1899
Dell,Notebook,17.3,1920,7,8,1024,2.83,865
Lenovo,Ultrabook,14,1920,7,8,356,1.96,1903
Asus,Notebook,15.6,1920,7,8,356,2.3,787
Dell,Notebook,15.6,1920,5,8,228,1.9,945
HP,2 in 1 Convertible,13.3,1920,7,8,356,1.28,2559
Dell,Notebook,13.3,1920,5,8,1024,1.62,649
Lenovo,Notebook,15.6,1920,3,4,1024,2.2,469
Lenovo,Notebook,15.6,1920,5,8,1024,2.3,850.66
HP,Notebook,15.6,1920,5,8,356,1.84,1349
Toshiba,Notebook,13.3,1920,5,4,228,1.05,1285
Lenovo,Gaming,15.6,1920,5,8,1024,2.5,1017
Dell,Ultrabook,13.3,3200,7,16,612,1.29,2240
HP,Notebook,15.6,1920,5,4,500,2.07,910
Toshiba,Ultrabook,13.3,1366,5,8,356,1.2,1095
Lenovo,2 in 1 Convertible,13.3,1920,7,8,356,1.37,1950
Acer,Notebook,14,1920,5,8,356,1.56,902
Dell,Workstation,15.6,1920,7,8,1024,2.23,1778
Lenovo,Notebook,15.6,1366,5,4,500,2.38,1055
Lenovo,Notebook,15.6,1920,3,4,1024,2.2,479
Toshiba,Notebook,15.6,1920,7,8,356,2,1388
Lenovo,Notebook,13.3,1920,3,4,280,1.44,735
Samsung,Ultrabook,15,1920,7,16,356,1.23,1849
Dell,Ultrabook,12.5,1920,7,8,356,1.6,1690
Xiaomi,Ultrabook,13.3,1920,5,8,356,1.28,935
Dell,Notebook,15.6,1920,5,4,1252,2.18,912.5
HP,Notebook,15.6,1920,5,4,356,2.04,839
HP,2 in 1 Convertible,13.3,1920,5,4,356,1.28,1700
HP,2 in 1 Convertible,15.6,1466,5,4,500,2.3,684.8
Lenovo,Notebook,15.6,1920,7,8,1024,2.2,669
HP,2 in 1 Convertible,13.3,1920,5,4,356,1.28,1799
Dell,Notebook,15.6,1366,3,4,1024,2.18,455.7
Asus,Gaming,17.3,1920,5,12,1252,2.2,1369.9
HP,Notebook,14,1920,5,4,228,1.95,1265
HP,2 in 1 Convertible,13.3,3200,7,16,356,1.42,1399
Samsung,Ultrabook,15,1920,7,8,356,1.17,1699
Lenovo,Ultrabook,14,1920,5,8,356,1.32,1799
MSI,Gaming,17.3,3840,7,16,2660,2.43,2649
Toshiba,Notebook,13.3,1920,5,8,356,1.05,1475
Dell,Gaming,15.6,1920,7,8,1024,2.62,929
HP,Notebook,15.6,1920,7,8,1024,2.04,900
Dell,Notebook,15.6,1366,3,4,1024,2.18,614
Dell,Notebook,15.6,1920,5,8,500,1.9,935
Dell,2 in 1 Convertible,13.3,3200,7,8,612,1.24,2013.1
Asus,Gaming,17.3,1920,7,32,712,3.58,1279
Dell,2 in 1 Convertible,13.3,1920,7,16,356,1.22,1649
Lenovo,Ultrabook,14,1920,7,8,356,1.13,2049
Lenovo,Notebook,15.6,1920,5,8,612,1.95,1962.99
LG,Ultrabook,15.6,1920,7,16,612,1.08,2099
HP,Netbook,12.5,1920,7,8,612,1.26,1483
Lenovo,Notebook,15.6,1920,5,8,1252,2.6,789
LG,Ultrabook,14,1920,7,8,612,0.98,1899
Dell,Notebook,14,1920,5,8,356,1.6,1205
Lenovo,Notebook,15.6,1920,7,6,356,2.2,789
HP,Notebook,15.6,1920,7,8,356,2.04,1018.99
Acer,Notebook,15.6,1920,3,4,1024,2.4,499
Lenovo,Notebook,13.3,1920,5,4,228,1.44,881
HP,Notebook,13.3,1920,5,8,356,1.49,960
MSI,Gaming,17.3,1920,7,16,1380,2.7,1599
Dell,Gaming,15.6,1920,7,16,1252,2.6,1349
MSI,Gaming,15.6,1920,5,8,1252,2.2,1119.91
Dell,Notebook,15.6,1366,5,4,1024,2.18,684.99
HP,Ultrabook,15.6,1920,7,8,356,1.84,1296.99
HP,Ultrabook,13.3,3200,7,8,356,1.39,1149
Toshiba,Notebook,15.6,1920,7,16,356,2.4,1975
Lenovo,2 in 1 Convertible,13.3,1920,5,8,612,1.37,1825
Dell,Notebook,15.6,1366,5,4,500,1.95,729.9
Lenovo,Ultrabook,12.5,1920,7,8,356,1.36,1650
HP,Notebook,15.6,1920,5,8,356,2.31,1165
Dell,Notebook,15.6,1366,5,4,1024,2.18,708.06
HP,Notebook,14,1366,5,4,500,1.95,1149
HP,Ultrabook,12.5,1920,5,4,500,1.26,1579
Lenovo,2 in 1 Convertible,13.3,3200,7,16,1124,1.3,1799
Toshiba,Notebook,14,1920,5,4,228,1.47,1105
HP,Netbook,12.5,1920,5,8,356,1.26,1669
Dell,Notebook,15.6,1366,3,4,1024,2.18,558.6
MSI,Gaming,15.6,1920,7,8,1252,2.2,1199
Dell,Ultrabook,14,1920,5,8,356,1.36,1639
Dell,Gaming,17.3,2560,7,16,1636,4.36,2758
HP,Gaming,17.3,1920,5,8,1252,2.75,1399
Acer,Notebook,15.6,1366,5,4,500,2.23,619
Toshiba,Notebook,15.6,1366,5,8,356,2.2,1119
Dell,Ultrabook,12.5,1920,5,8,356,1.36,1472.2
Lenovo,Notebook,15.6,1920,7,8,1024,2.2,685
Dell,Notebook,17.3,1600,3,4,1024,2.36,659
HP,Workstation,15.6,1920,7,8,228,2,2249
Dell,Ultrabook,14,1920,7,8,356,1.36,1775
Toshiba,Notebook,13.3,1920,5,8,356,1.2,1460
Lenovo,Ultrabook,14,1920,7,8,356,1.7,1488.99
Dell,Gaming,17.3,3840,7,16,1636,4.36,3154
Dell,2 in 1 Convertible,13.3,1920,5,8,356,1.24,1899
Dell,Ultrabook,13.3,3200,7,8,356,1.3,1268
Toshiba,Notebook,13.3,1920,5,8,356,1.2,1535
Lenovo,Ultrabook,12.5,1920,5,8,356,1.36,1760
Acer,Notebook,15.6,1920,5,12,1252,2.4,1009
Toshiba,Ultrabook,12.5,1920,7,8,612,1.1,1790
HP,Notebook,15.6,1366,5,8,1024,2.04,846.5
Dell,Notebook,15.6,1366,3,4,1024,2.25,465.62
Dell,Notebook,15.6,1366,5,4,500,1.9,825
HP,Notebook,15.6,1920,3,4,500,2.04,685
Dell,Gaming,17.3,1920,7,32,1380,4.42,3149
Lenovo,Notebook,15.6,1920,5,6,356,2.4,695
Dell,2 in 1 Convertible,13.3,3200,7,16,612,1.22,1899
Dell,Ultrabook,14,2660,7,8,356,1.5,1962.98
Dell,Gaming,17.3,1920,7,32,1380,4.42,2800
Toshiba,Notebook,14,1920,5,8,356,1.95,1180
Asus,Gaming,17.3,1920,7,16,1380,2.73,2049.9
HP,Notebook,15.6,1920,5,8,1252,2.04,979
Lenovo,Notebook,14,1366,5,4,508,1.7,1002
Asus,2 in 1 Convertible,15.6,3840,7,16,2660,2.3,1799
HP,Notebook,15.6,1366,7,6,1024,2.04,579
Asus,Gaming,17.3,1920,7,16,1380,2.99,1749
Dell,2 in 1 Convertible,15.6,1920,7,12,612,2.19,1299
Toshiba,Notebook,13.3,1920,5,4,228,1.2,1195
Fujitsu,Notebook,15.6,1366,5,4,356,2.3,649
Toshiba,Notebook,14,1366,5,4,500,1.75,915
Dell,Notebook,15.6,1366,5,4,500,2.25,599
HP,Notebook,15.6,1920,5,8,1024,2.04,806
Lenovo,Gaming,15.6,1920,7,8,1252,2.5,1189
Dell,Notebook,15.6,1366,7,8,1024,2.36,749
Dell,Notebook,14,1920,5,8,228,1.6,1119
HP,Notebook,15.6,1920,3,4,1252,2.1,499
Lenovo,Notebook,15.6,1920,5,8,356,2.3,1349
Dell,2 in 1 Convertible,13.3,1920,5,8,356,1.68,889
Asus,Notebook,13.3,3200,5,8,356,1.4,1150
HP,Ultrabook,13.3,1920,7,8,356,1.11,1349
Asus,Gaming,15.6,1920,7,16,1380,2.5,1799
HP,Ultrabook,14,1920,7,8,612,1.48,2089
Acer,Gaming,15.6,1920,7,8,1252,2.7,1260
HP,Notebook,13.3,1920,5,8,356,1.34,1189
Dell,Notebook,15.6,1366,3,4,228,2.18,547
HP,Notebook,14,1366,5,4,500,1.64,779
Toshiba,Notebook,13.3,1920,5,4,228,1.2,1195
HP,Notebook,14,1366,5,4,356,1.48,1099.99
HP,Notebook,14,1920,5,4,356,1.95,1205
HP,Ultrabook,14,1920,7,8,356,1.43,1449
HP,Notebook,14,1920,5,8,356,1.64,1049.26
HP,Notebook,14,1366,3,4,500,1.64,684
Dell,Gaming,15.6,1920,5,8,1024,2.65,949
HP,Ultrabook,12.5,1920,5,4,500,1.26,1539
HP,Notebook,14,1920,5,4,356,1.48,1590
HP,Ultrabook,14,1920,7,8,356,1.54,1887.21
HP,Notebook,13.3,1366,3,4,500,1.49,800
Toshiba,Notebook,13.3,1366,5,8,356,1.5,1210
HP,Notebook,15.6,1366,3,4,356,2.04,769.99
Lenovo,Notebook,17.3,3840,7,16,612,2.4,2968
Toshiba,Notebook,14,1920,5,8,356,1.47,1490
HP,Notebook,14,1920,7,8,356,1.43,2229
Dell,2 in 1 Convertible,15.6,1920,3,4,1024,2.08,795.99
Toshiba,Ultrabook,13.3,1920,5,8,356,1.2,1590
HP,Notebook,13.3,1920,5,8,356,1.11,1149
HP,Notebook,14,1920,7,8,356,1.64,1185.43
Dell,Notebook,15.6,1920,5,8,500,2.09,1046.44
HP,Ultrabook,12.5,1366,5,4,356,1.26,1559
HP,Notebook,14,1366,5,4,500,2.31,1189
HP,Notebook,14,1366,5,4,500,1.95,1060
Dell,Ultrabook,13.3,3200,5,8,356,1.29,1624
HP,Notebook,17.3,1920,5,8,356,2.63,1080
HP,Notebook,14,1366,5,4,356,1.64,973
MSI,Gaming,17.3,1920,7,8,1252,2.7,1191.8
HP,Notebook,14,1920,5,8,356,1.95,1195
HP,Notebook,15.6,1920,7,8,356,1.84,1228.99
HP,Ultrabook,12.5,1920,7,8,356,1.26,1349
HP,Notebook,15.6,1366,5,4,500,2.04,742
Toshiba,Ultrabook,14,1920,7,8,356,1.47,1725
Dell,Notebook,15.6,1920,5,8,356,2.09,1062.95
HP,Notebook,14,1920,5,8,356,1.64,1010.51
Lenovo,2 in 1 Convertible,15.6,1920,7,4,356,1.8,847
Toshiba,Notebook,15.6,1920,7,16,356,2.4,1425
Lenovo,Notebook,15.6,1920,5,8,356,2.3,1049.6
HP,Notebook,14,1920,5,4,500,1.54,1000
HP,Notebook,15.6,1920,5,8,856,1.84,2103.34
HP,Notebook,14,1920,5,8,356,1.43,1469
MSI,Gaming,17.3,1920,7,16,1380,3.78,1545.64
Lenovo,Gaming,17.3,1920,7,16,1252,4.6,2289.99
Lenovo,Notebook,14,2560,7,16,356,1.1,2620
HP,Notebook,15.6,1920,7,8,1024,1.91,979
Dell,2 in 1 Convertible,15.6,1920,5,8,356,2.3,1094
HP,Notebook,15.6,1366,5,4,356,2.04,979
Dell,Ultrabook,13.3,3200,7,16,1124,1.2,2254
HP,Notebook,15.6,1366,3,4,500,2.31,705.15
HP,Notebook,15.6,1366,5,4,500,1.96,499
Dell,2 in 1 Convertible,13.3,1920,7,12,356,1.6,1299
MSI,Gaming,15.6,1920,7,16,1380,2.94,1819
HP,Notebook,15.6,1920,7,8,356,2.04,1070
Asus,Gaming,17.3,1920,7,16,1024,4,998
Dell,Notebook,15.6,1920,5,4,1024,2.25,559
Dell,Notebook,15.6,1920,7,16,2048,2.32,989.99
MSI,Gaming,15.6,1920,7,16,1380,1.8,1929
Dell,Ultrabook,13.3,1920,7,8,356,1.29,1458
Asus,Gaming,17.3,1920,7,64,1124,3.58,3975
Dell,2 in 1 Convertible,13.3,1920,7,8,356,1.62,798.01
Dell,Gaming,15.6,3840,7,16,1380,3.21,1329
Dell,Notebook,15.6,1366,3,4,500,2.06,481.98
HP,Notebook,15.6,1366,5,4,500,2.31,1199
HP,Ultrabook,12.5,1920,5,8,356,1.26,1199
HP,Notebook,13.3,1920,7,8,356,1.49,1090
Lenovo,Ultrabook,12.5,1920,7,8,356,1.3,1713.49
Lenovo,Notebook,17.3,1600,5,8,1024,3,659
Lenovo,Notebook,15.6,1920,5,4,1024,2.3,977
MSI,Gaming,17.3,1920,7,16,1380,3.78,2499
Lenovo,Notebook,15.6,1366,5,4,500,2.1,540
HP,Notebook,15.6,1920,5,4,500,2.31,940
Lenovo,Gaming,17.3,1920,7,32,1636,4.6,3240
HP,Ultrabook,13.3,3840,7,16,612,1.3,2049
Dell,Notebook,15.6,1920,5,8,356,2.18,750
HP,Notebook,14,1920,5,4,500,1.54,1030.99
HP,Workstation,15.6,1920,7,8,356,1.9,1495
Lenovo,Notebook,14,1920,5,8,280,1.7,1199
HP,Notebook,15.6,1366,3,4,1024,1.86,345.99
Asus,Gaming,17.3,1920,7,8,1380,2.7,1599
Dell,Ultrabook,13.3,1920,5,4,356,1.4,818.35
HP,Netbook,12.5,1366,5,4,228,2.4,1599
Acer,Notebook,15.6,1920,5,8,1380,2.4,799
Dell,Notebook,15.6,1920,5,8,1024,2.36,638.8
MSI,Gaming,17.3,1920,7,8,356,2.6,1599
Asus,Gaming,17.3,1920,7,16,1252,4.3,2299
Dell,Ultrabook,12.5,1366,3,4,500,1.5,1135.15
Dell,Ultrabook,12.5,1366,3,4,228,1.5,1166.97
HP,Workstation,17.3,1920,7,8,1024,3,2899
Lenovo,Gaming,15.6,1920,7,16,612,2.4,1199
Dell,Ultrabook,12.5,1366,5,8,356,1.5,1413.1
MSI,Gaming,17.3,1920,7,8,1252,2.9,1511.19
Lenovo,2 in 1 Convertible,15.6,1920,5,4,356,2.1,867
Asus,Gaming,15.6,1920,7,16,1252,2.59,1339
Dell,Notebook,15.6,1366,5,4,500,2.24,769.15
Lenovo,Notebook,15.6,1366,3,4,228,2.1,429
HP,Ultrabook,13.3,1920,7,8,612,1.16,1969
Dell,Ultrabook,13.3,1920,7,8,356,1.23,1379
Lenovo,Gaming,17.3,1920,7,16,1380,4.6,2749.99
Razer,Ultrabook,12.5,3940,7,8,356,1.25,1029
Toshiba,Ultrabook,13.3,1920,7,16,612,1.05,2226
Asus,Gaming,17.3,1920,7,8,1252,3.52,1312.49
HP,Notebook,13.3,1920,5,8,356,1.16,1690
HP,Notebook,14,1920,5,8,356,1.43,1513
Dell,Notebook,15.6,1366,5,4,500,2.09,523.63
Asus,Notebook,15.6,1366,3,4,1024,2,435
Lenovo,2 in 1 Convertible,14,1920,7,8,356,1.8,1669
HP,Ultrabook,12.5,1366,5,8,356,1.26,1895
Lenovo,Gaming,15.6,1920,5,8,1252,2.4,989
HP,Gaming,17.3,1920,5,8,1252,3.35,1129
HP,Notebook,15.6,1366,7,8,2048,2.04,629
Lenovo,2 in 1 Convertible,14,1920,7,8,612,1.8,2050.38
HP,Ultrabook,15.6,1920,7,8,356,1.84,752
Acer,Notebook,15.6,1920,5,4,1024,2.23,616
Lenovo,Notebook,15.6,1920,7,16,1024,2.5,1099
HP,Workstation,17.3,1920,7,8,356,3,3949.4
Dell,Notebook,15.6,1366,5,8,1024,2.5,784
MSI,Gaming,17.3,1920,7,16,1380,3.78,2399
HP,Ultrabook,15.6,1920,7,8,356,1.88,2171.72
Lenovo,2 in 1 Convertible,14,2660,7,16,612,2.8,2440
MSI,Gaming,15.6,1920,7,8,1252,2.4,1142.8
HP,2 in 1 Convertible,13.3,1920,5,8,356,1.48,1629
HP,Workstation,15.6,1920,7,8,356,2.59,2229
HP,2 in 1 Convertible,13.3,2660,7,8,356,1.48,1799
HP,Workstation,15.6,1920,7,8,356,2,1899
HP,Ultrabook,12.5,1920,7,8,356,1.26,2296.95
Dell,Notebook,15.6,1920,7,8,356,2.18,1009.9
HP,Notebook,15.6,1920,5,8,356,1.88,1579
Lenovo,2 in 1 Convertible,14,2660,7,8,356,1.27,2339
Lenovo,Notebook,15.6,1366,3,4,1024,1.9,339
Lenovo,Notebook,15.6,1920,5,8,1024,2.32,599
Dell,Gaming,15.6,1920,7,8,1024,2.62,1199
Dell,Notebook,15.6,3940,5,8,356,2.04,2250.68
MSI,Gaming,17.3,1920,7,16,1380,2.7,1492.8
Lenovo,Ultrabook,14,1920,7,12,612,1.4,2299
Lenovo,Notebook,15.6,1920,5,8,1024,2.5,788.49
HP,2 in 1 Convertible,13.3,2660,7,8,612,1.48,2041
Lenovo,Ultrabook,14,1920,7,8,356,1.7,1499
MSI,Gaming,14,1920,7,16,1380,1.7,1769
HP,Gaming,15.6,1920,7,8,1024,2.62,899
Lenovo,Notebook,15.6,1366,3,8,1024,2.2,459
HP,Notebook,15.6,1366,5,4,500,2.1,476.99
Dell,Gaming,15.6,3840,7,8,1252,2.62,1498
Lenovo,Notebook,15.6,1920,5,8,356,1.95,1390
Lenovo,Notebook,15.6,1920,3,4,1024,2.2,468
MSI,Gaming,15.6,1920,7,8,1024,2.2,839
HP,Notebook,15.6,1920,7,8,356,1.96,679
HP,Notebook,15.6,1920,7,16,612,2.1,1159
Lenovo,Notebook,15.6,1366,5,4,500,2.1,398
Lenovo,Notebook,15.6,1920,7,8,1024,2.2,709
Asus,Notebook,14,1920,3,4,356,2,769
Lenovo,Notebook,15.6,1920,7,4,1024,2.32,825
Lenovo,Gaming,15.6,1920,7,16,612,3.31,1305
MSI,Gaming,15.6,1920,7,16,1252,1.91,2153.37
HP,Notebook,15.6,1366,3,4,500,2.07,650
Lenovo,2 in 1 Convertible,14,2660,5,8,356,1.36,1637
Lenovo,Ultrabook,15.6,1920,7,6,356,1.54,831
Dell,Notebook,15.6,1920,7,8,356,1.98,895.01
HP,Notebook,15.6,1920,7,6,1024,2.18,799
Asus,Gaming,15.6,1920,7,8,1380,2.591,909
Dell,2 in 1 Convertible,15.6,1920,7,16,612,2.09,1179
Acer,Notebook,15.6,1920,5,4,356,2.23,691
Dell,Ultrabook,13.3,3200,5,8,356,1.23,1099
Acer,Gaming,17.3,1920,7,16,1380,4.2,2599
Lenovo,Gaming,15.6,1920,5,8,1024,2.4,819
HP,Notebook,15.6,1366,5,4,500,1.86,485
Dell,2 in 1 Convertible,13.3,1920,5,8,356,1.6,1199
HP,Notebook,15.6,1920,7,12,1252,2.21,1327
Lenovo,Notebook,15.6,1366,3,4,1024,1.9,368
Asus,Gaming,17.3,1920,7,16,1636,4.3,2150
MSI,Gaming,17.3,1920,7,16,1380,2.43,2048.9
Dell,Notebook,15.6,1366,3,4,228,2.3,499
Lenovo,Notebook,15.6,1366,7,8,500,2.2,629
Dell,2 in 1 Convertible,15.6,1920,7,16,612,2,1285
Dell,Ultrabook,13.3,3200,7,16,612,1.2,2680
Asus,Gaming,15.6,1920,7,8,1024,2.2,1169
Dell,Notebook,15.6,1920,5,8,356,2.36,889
HP,Notebook,15.6,1366,5,8,356,1.91,579
Acer,Notebook,17.3,1600,3,8,1024,3.3,629
Asus,Gaming,15.6,1920,7,16,1380,2.2,2449
Asus,Notebook,15.6,1920,7,16,1252,2.2,1749
MSI,Gaming,17.3,1920,7,16,1380,2.43,1948.99
Dell,2 in 1 Convertible,15.6,1920,5,8,356,2.191,999
Asus,Gaming,17.3,1920,7,16,1380,2.9,1949
Acer,Notebook,17.3,1600,3,4,1024,3.3,598
Lenovo,Notebook,17.3,1600,5,8,1024,2.8,539
Lenovo,Gaming,15.6,1920,7,8,1252,2.6,1272
Acer,2 in 1 Convertible,14,1920,7,8,356,1.2,1149
Lenovo,Notebook,15.6,1920,7,8,356,2.3,1529
MSI,Gaming,15.6,1920,7,8,1252,2.2,1476.11
Dell,Ultrabook,12.5,1920,5,8,356,1.26,1713.37
Dell,2 in 1 Convertible,15,1920,3,4,500,2.08,509
Dell,Ultrabook,13.3,3200,7,8,356,1.29,1477
Dell,Notebook,15.6,1366,5,4,1024,2.18,521.86
Lenovo,Gaming,15.6,1920,7,16,1252,2.6,1029
MSI,Gaming,15.6,1920,7,8,1252,2.2,1149
Lenovo,Netbook,12.5,1920,7,16,612,1.3,1650
Razer,Gaming,14,1920,7,16,1124,1.95,3499
Dell,Notebook,15.6,1466,3,8,1024,2.3,469.01
MSI,Gaming,17.3,1920,7,16,1380,2.7,1598
Apple,Ultrabook,11.6,1366,5,4,356,1.08,959
HP,Notebook,15.6,1920,3,4,1024,2.1,478
HP,Ultrabook,14,2560,7,8,356,1.54,2198.19
Dell,Notebook,15.6,1366,5,4,500,2.24,737
MSI,Gaming,15.6,1920,7,8,1252,2.3,1169
Lenovo,Notebook,13.3,1920,7,16,612,1.4,1499
Asus,Ultrabook,13.3,1920,7,8,356,1.45,1280
Acer,Notebook,15.6,1366,3,4,500,2.4,361.8
Dell,2 in 1 Convertible,17.3,1920,7,16,612,2.77,1799
HP,Notebook,14,1920,5,4,356,1.54,1099.99
Asus,Gaming,15.6,1920,7,16,1380,2.5,1600
Dell,Notebook,14,1366,5,4,500,1.6,875
Asus,Gaming,15.6,1920,7,16,1380,2.34,2325
Lenovo,Notebook,15.6,1920,5,8,356,2.3,573
Dell,2 in 1 Convertible,13.3,3200,5,8,356,1.24,1813
Lenovo,Notebook,15.6,1920,3,6,228,2.4,569
Lenovo,Notebook,14,1920,5,8,356,1.9,1072
Asus,Gaming,17.3,1920,7,16,1252,4,1900
Dell,Notebook,15.6,1366,3,4,500,2.29,490
Lenovo,Notebook,15.6,1920,7,8,1024,2.32,895
MSI,Gaming,15.6,1920,7,8,1252,2.4,1229
Lenovo,2 in 1 Convertible,14,1920,5,4,228,1.8,833.01
Dell,Notebook,15.6,1366,3,6,1024,2.3,459
Lenovo,Notebook,15.6,1920,7,8,1024,2.6,899
Dell,Notebook,15.6,1366,7,8,1024,2.3,805.99
Asus,Notebook,15.6,1366,7,4,500,2.2,720.32
Lenovo,2 in 1 Convertible,14,1920,7,4,228,1.8,638
Lenovo,2 in 1 Convertible,13.3,3200,7,16,612,1.3,1499
HP,Notebook,15.6,1366,7,6,1024,2.19,764
Dell,Notebook,15.6,1366,3,6,1024,2.3,459
Lenovo,Notebook,15.6,1920,7,8,1024,2.6,899
Dell,Notebook,15.6,1366,7,8,1024,2.3,805.99
Asus,Notebook,15.6,1366,7,4,500,2.2,720.32
Lenovo,2 in 1 Convertible,14,1920,7,4,228,1.8,638
Lenovo,2 in 1 Convertible,13.3,3200,7,16,612,1.3,1499
HP,Notebook,15.6,1366,7,6,1024,2.19,764
Dell,Notebook,15.6,1366,3,6,1024,2.3,459
Lenovo,Notebook,15.6,1920,7,8,1024,2.6,899
Dell,Notebook,15.6,1366,7,8,1024,2.3,805.99
Asus,Notebook,15.6,1366,7,4,500,2.2,720.32
Lenovo,2 in 1 Convertible,14,1920,7,4,228,1.8,638
Lenovo,2 in 1 Convertible,13.3,3200,7,16,612,1.3,1499
HP,Notebook,15.6,1366,7,6,1024,2.19,764
